Stock,LTP,CronTime,CALLS_Chart,CALLS_OI,CALLS_Chng in OI,CALLS_Volume,CALLS_IV,CALLS_LTP,CALLS_Net Chng,CALLS_Bid Qty,CALLS_Bid Price,CALLS_Ask Price,CALLS_Ask Qty,Strike Price,PUTS_Bid Qty,PUTS_Bid Price,PUTS_Ask Price,PUTS_Ask Qty,PUTS_Net Chng,PUTS_LTP,PUTS_IV,PUTS_Volume,PUTS_Chng in OI,PUTS_OI,PUTS_Chart,time_stamp
NIFTY,22400.8,09-Apr-2025 15:09:25,0,0,0,0,0.0,0.0,0.0,1500,1863.75,2129.05,1500,20400,0,0.0,0.05,782850,-2.45,0.05,52.64,650786,-70152,49439,0,09-Apr-2025 15:09:25
NIFTY,22400.8,09-Apr-2025 15:09:25,0,0,0,0,0.0,0.0,0.0,1500,1823.05,1981.15,1500,20450,666150,0.05,0.1,183300,-2.75,0.05,51.36,142887,-14008,9827,0,09-Apr-2025 15:09:25
NIFTY,22400.8,09-Apr-2025 15:09:25,0,3,1,5,89.08,1916.85,-153.1500000000001,75,1894.95,1901.3,375,20500,0,0.0,0.05,327150,-3.0500000000000003,0.05,50.08,469435,-41970,36758,0,09-Apr-2025 15:09:25
NIFTY,22400.8,09-Apr-2025 15:09:25,0,0,0,0,0.0,0.0,0.0,1500,1739.15,2007.6,1500,20550,916050,0.05,0.1,180675,-3.1999999999999997,0.1,48.8,99427,-3822,4374,0,09-Apr-2025 15:09:25
NIFTY,22400.8,09-Apr-2025 15:09:25,0,0,0,0,0.0,0.0,0.0,1500,1676.3,1831.0,1500,20600,74400,0.05,0.1,369150,-3.6500000000000004,0.05,47.52,202181,-10520,9452,0,09-Apr-2025 15:09:25
NIFTY,22400.8,09-Apr-2025 15:09:25,0,21,0,1,0.0,1752.0,-251.1500000000001,225,1746.4,1752.9,4500,20650,1738875,0.05,0.1,546000,-4.25,0.05,46.24,327627,-32497,66519,0,09-Apr-2025 15:09:25
NIFTY,22400.8,09-Apr-2025 15:09:25,0,110,0,1,0.0,1846.15,-56.899999999999864,75,1697.4,1700.4,150,20700,28425,0.05,0.1,318150,-4.3500000000000005,0.05,44.96,349659,-30278,40067,0,09-Apr-2025 15:09:25
NIFTY,22400.8,09-Apr-2025 15:09:25,0,2,0,0,0.0,0.0,0.0,1500,1535.45,1773.5,1500,20750,52725,0.05,0.1,74400,-4.8,0.05,46.01,142568,-13688,5131,0,09-Apr-2025 15:09:25
NIFTY,22400.8,09-Apr-2025 15:09:25,0,55,0,1,0.0,1599.0,-241.0,150,1596.45,1600.9,75,20800,1525050,0.05,0.1,441375,-5.1000000000000005,0.05,44.68,316711,-22934,25296,0,09-Apr-2025 15:09:25
NIFTY,22400.8,09-Apr-2025 15:09:25,0,77,0,0,0.0,0.0,0.0,1500,1443.15,1672.05,1500,20850,408375,0.05,0.1,127800,-5.6000000000000005,0.1,41.13,158209,-12023,5626,0,09-Apr-2025 15:09:25
NIFTY,22400.8,09-Apr-2025 15:09:25,0,73,-45,55,79.75,1524.0,-126.0,75,1496.3,1500.85,300,20900,1161000,0.05,0.1,458550,-6.1000000000000005,0.05,39.86,274498,-13030,20365,0,09-Apr-2025 15:09:25
NIFTY,22400.8,09-Apr-2025 15:09:25,0,115,0,0,0.0,0.0,0.0,1800,1427.9,1475.4,1500,20950,164550,0.05,0.1,85050,-6.3500000000000005,0.1,38.59,169917,-10402,6105,0,09-Apr-2025 15:09:25
NIFTY,22400.8,09-Apr-2025 15:09:25,0,638,-366,590,0.0,1399.2,-171.64999999999986,150,1397.55,1402.0,4875,21000,46425,0.05,0.1,489525,-6.8500000000000005,0.05,37.31,790940,-31044,95724,0,09-Apr-2025 15:09:25
NIFTY,22400.8,09-Apr-2025 15:09:25,0,88,0,0,0.0,0.0,0.0,1500,1328.2,1375.65,1500,21050,132225,0.05,0.1,121200,-7.5,0.05,38.01,174297,-2401,8557,0,09-Apr-2025 15:09:25
NIFTY,22400.8,09-Apr-2025 15:09:25,0,160,-3,10,56.68,1311.3,-162.0,150,1297.65,1300.6,375,21100,906600,0.05,0.1,391275,-8.0,0.05,37.93,300801,-5993,18828,0,09-Apr-2025 15:09:25
NIFTY,22400.8,09-Apr-2025 15:09:25,0,70,8,29,0.0,1224.85,-203.6500000000001,75,1247.7,1250.4,300,21150,536625,0.05,0.1,152550,-8.7,0.05,33.49,209929,1290,7712,0,09-Apr-2025 15:09:25
NIFTY,22400.8,09-Apr-2025 15:09:25,0,368,-2,10,0.0,1198.95,-162.5999999999999,75,1197.75,1200.4,600,21200,1480575,0.05,0.1,370575,-9.049999999999999,0.05,32.22,417583,-17066,22509,0,09-Apr-2025 15:09:25
NIFTY,22400.8,09-Apr-2025 15:09:25,0,113,0,0,0.0,0.0,0.0,1800,1128.45,1175.95,1500,21250,577875,0.05,0.1,233100,-9.95,0.05,32.67,293842,3068,12566,0,09-Apr-2025 15:09:25
NIFTY,22400.8,09-Apr-2025 15:09:25,0,564,-25,34,50.07,1098.8,-165.9000000000001,75,1097.9,1100.3,300,21300,36150,0.05,0.1,496875,-10.85,0.05,31.34,565779,5454,41262,0,09-Apr-2025 15:09:25
NIFTY,22400.8,09-Apr-2025 15:09:25,0,220,0,0,0.0,0.0,0.0,1500,1028.55,1074.55,1500,21350,708000,0.05,0.1,228450,-11.75,0.05,30.0,285924,2480,13496,0,09-Apr-2025 15:09:25
NIFTY,22400.8,09-Apr-2025 15:09:25,0,424,-17,44,0.0,1003.5,-169.4000000000001,75,997.9,1000.2,600,21400,2157450,0.05,0.1,500100,-12.95,0.05,28.66,639520,-7736,27601,0,09-Apr-2025 15:09:25
NIFTY,22400.8,09-Apr-2025 15:09:25,0,221,5,32,39.55,959.15,-165.94999999999993,75,947.9,950.6,8925,21450,190575,0.05,0.1,206325,-13.95,0.05,25.85,488786,1743,16372,0,09-Apr-2025 15:09:25
NIFTY,22400.8,09-Apr-2025 15:09:25,0,1197,-1048,2054,0.0,898.15,-181.10000000000002,150,898.05,898.7,75,21500,2146200,0.05,0.1,893100,-15.049999999999999,0.05,26.91,1459625,-12334,75414,0,09-Apr-2025 15:09:25
NIFTY,22400.8,09-Apr-2025 15:09:25,0,555,-56,115,0.0,849.1,-177.55000000000007,75,847.9,849.9,300,21550,1064850,0.05,0.1,303525,-16.45,0.05,24.64,505066,7738,19799,0,09-Apr-2025 15:09:25
NIFTY,22400.8,09-Apr-2025 15:09:25,0,764,-316,666,0.0,796.65,-177.05000000000007,150,796.85,799.25,150,21600,2134800,0.05,0.1,1271700,-17.9,0.05,24.14,1100193,21080,51965,0,09-Apr-2025 15:09:25
NIFTY,22400.8,09-Apr-2025 15:09:25,0,753,-45,99,0.0,749.9,-173.85000000000002,150,746.85,749.7,300,21650,1275450,0.05,0.1,386625,-19.5,0.05,21.95,807142,7723,16835,0,09-Apr-2025 15:09:25
NIFTY,22400.8,09-Apr-2025 15:09:25,0,2123,-150,468,0.0,695.95,-183.89999999999998,300,697.1,698.2,375,21700,3107400,0.05,0.1,852525,-21.15,0.1,21.36,1592705,34433,63514,0,09-Apr-2025 15:09:25
NIFTY,22400.8,09-Apr-2025 15:09:25,0,1494,-474,793,0.0,651.4,-180.45000000000005,450,647.1,649.35,150,21750,1576350,0.05,0.1,494325,-23.55,0.05,19.24,1185884,14798,26518,0,09-Apr-2025 15:09:25
NIFTY,22400.8,09-Apr-2025 15:09:25,0,4563,-515,2797,0.0,597.5,-189.14999999999998,300,598.0,598.6,300,21800,258675,0.1,0.15,695325,-26.25,0.1,18.56,1890343,28314,70001,0,09-Apr-2025 15:09:25
NIFTY,22400.8,09-Apr-2025 15:09:25,0,4656,-395,1765,0.0,547.0,-194.39999999999998,375,547.3,548.65,75,21850,2051925,0.05,0.1,404325,-29.5,0.05,17.15,1071996,14744,24721,0,09-Apr-2025 15:09:25
NIFTY,22400.8,09-Apr-2025 15:09:25,0,8926,-2445,6337,0.0,498.15,-197.89999999999998,450,497.4,498.6,375,21900,3780075,0.05,0.1,1519725,-33.0,0.05,16.57,2587244,39857,67912,0,09-Apr-2025 15:09:25
NIFTY,22400.8,09-Apr-2025 15:09:25,0,6852,-499,3553,0.0,449.0,-201.85000000000002,600,447.55,448.6,750,21950,1345575,0.1,0.15,690750,-37.15,0.1,15.08,1832240,31008,44617,0,09-Apr-2025 15:09:25
NIFTY,22400.8,09-Apr-2025 15:09:25,0,17798,-7439,57648,0.0,398.4,-202.89999999999998,150,397.7,398.5,225,22000,989400,0.1,0.15,1293825,-42.15,0.1,13.26,3386239,44423,121472,0,09-Apr-2025 15:09:25
NIFTY,22400.8,09-Apr-2025 15:09:25,0,3991,-133,9051,0.0,348.15,-212.80000000000007,75,348.3,348.95,150,22050,2227125,0.1,0.15,774000,-48.3,0.1,12.07,1452566,21044,34320,0,09-Apr-2025 15:09:25
NIFTY,22400.8,09-Apr-2025 15:09:25,0,6832,-3343,54525,0.0,297.8,-219.84999999999997,600,297.8,298.0,150,22100,3084900,0.1,0.15,1018800,-55.1,0.1,10.55,2413025,45919,78669,0,09-Apr-2025 15:09:25
NIFTY,22400.8,09-Apr-2025 15:09:25,0,3688,124,48564,0.0,248.25,-225.60000000000002,375,248.0,248.4,75,22150,727275,0.15,0.2,549075,-62.2,0.15,9.38,2171108,80321,91786,0,09-Apr-2025 15:09:25
NIFTY,22400.8,09-Apr-2025 15:09:25,0,17277,1872,342619,0.0,198.2,-234.5,1350,198.15,198.4,1950,22200,3140700,0.15,0.2,1149525,-70.39999999999999,0.15,7.76,4173015,88066,130287,0,09-Apr-2025 15:09:25
NIFTY,22400.8,09-Apr-2025 15:09:25,0,8444,5876,397515,0.0,148.5,-243.35000000000002,150,148.4,148.7,150,22250,2197350,0.15,0.2,580950,-81.0,0.15,6.09,3610490,76904,89634,0,09-Apr-2025 15:09:25
NIFTY,22400.8,09-Apr-2025 15:09:25,0,47188,33247,2228173,0.0,98.45,-257.45,675,98.45,98.6,300,22300,4570275,0.15,0.2,1378275,-91.6,0.2,4.47,6744073,80797,121108,0,09-Apr-2025 15:09:25
NIFTY,22400.8,09-Apr-2025 15:09:25,0,88969,84098,5032536,0.0,48.65,-263.85,6375,48.5,48.65,4575,22350,1060275,0.25,0.3,1059750,-103.45,0.25,2.79,9957493,166354,178665,0,09-Apr-2025 15:09:25
NIFTY,22400.8,09-Apr-2025 15:09:25,0,715953,696146,23293506,0.0,0.65,-276.90000000000003,650250,0.65,0.7,397650,22400,114525,2.25,2.3,46200,-114.6,2.25,1.34,23501970,639050,681755,0,09-Apr-2025 15:09:25
NIFTY,22400.8,09-Apr-2025 15:09:25,0,190821,183848,11435893,2.37,0.25,-241.0,2078475,0.2,0.25,1106025,22450,2550,51.8,51.95,1425,-78.60000000000001,51.8,5.15,5102673,68403,84130,0,09-Apr-2025 15:09:25
NIFTY,22400.8,09-Apr-2025 15:09:25,0,163605,105117,8681002,4.13,0.15,-207.4,7022925,0.15,0.2,1981275,22500,675,101.9,102.1,450,-44.25,102.1,8.08,2763795,5259,93286,0,09-Apr-2025 15:09:25
NIFTY,22400.8,09-Apr-2025 15:09:25,0,62288,46052,4552665,5.62,0.15,-176.75,5979825,0.15,0.2,1062975,22550,525,151.9,152.2,1275,-13.25,151.9,10.88,476972,501,19564,0,09-Apr-2025 15:09:25
NIFTY,22400.8,09-Apr-2025 15:09:25,0,98884,51892,5097419,7.39,0.15,-148.04999999999998,3895875,0.15,0.2,1098075,22600,1275,201.95,202.25,75,15.599999999999994,201.95,13.44,486979,-6450,30000,0,09-Apr-2025 15:09:25
NIFTY,22400.8,09-Apr-2025 15:09:25,0,63039,43705,3214071,8.69,0.2,-120.85,2306550,0.15,0.2,951750,22650,225,251.55,252.25,375,42.0,252.45,15.82,82339,-3962,5829,0,09-Apr-2025 15:09:25
NIFTY,22400.8,09-Apr-2025 15:09:25,0,94338,47120,3552859,10.23,0.15,-97.6,3564300,0.15,0.2,1434600,22700,1725,301.55,302.1,225,65.35000000000002,301.55,17.86,110662,-9254,16265,0,09-Apr-2025 15:09:25
NIFTY,22400.8,09-Apr-2025 15:09:25,0,71196,51912,2206288,11.5,0.15,-77.35,1898550,0.15,0.2,914100,22750,150,351.55,352.45,75,87.30000000000001,352.0,18.92,20399,-3050,6962,0,09-Apr-2025 15:09:25
NIFTY,22400.8,09-Apr-2025 15:09:25,0,97636,31178,2717183,12.96,0.15,-60.050000000000004,1824300,0.15,0.2,1188300,22800,75,401.75,402.5,525,104.30000000000001,402.95,22.78,62870,-11682,21838,0,09-Apr-2025 15:09:25
NIFTY,22400.8,09-Apr-2025 15:09:25,0,56620,29528,1737687,14.07,0.1,-46.4,2500950,0.1,0.15,239925,22850,750,450.9,451.85,525,117.60000000000002,451.05,23.93,7364,-918,11127,0,09-Apr-2025 15:09:25
NIFTY,22400.8,09-Apr-2025 15:09:25,0,95039,41915,2417847,15.47,0.1,-36.699999999999996,2489400,0.1,0.15,2052675,22900,225,500.75,501.9,150,128.0,500.75,26.39,12665,-2430,22470,0,09-Apr-2025 15:09:25
NIFTY,22400.8,09-Apr-2025 15:09:25,0,35471,9282,1039101,16.38,0.1,-29.15,633825,0.1,0.15,862050,22950,225,550.65,551.9,375,138.09999999999997,552.3,28.3,2534,-534,14389,0,09-Apr-2025 15:09:25
NIFTY,22400.8,09-Apr-2025 15:09:25,0,133737,1310,2724012,17.06,0.05,-24.75,6204450,0.05,0.1,2222475,23000,75,602.25,602.4,150,140.59999999999997,602.8,30.89,25213,-8302,17385,0,09-Apr-2025 15:09:25
NIFTY,22400.8,09-Apr-2025 15:09:25,0,40336,17397,1113481,19.57,0.1,-21.099999999999998,1174575,0.1,0.15,384825,23050,300,651.2,652.8,375,144.05,653.5,33.32,1003,-258,3189,0,09-Apr-2025 15:09:25
NIFTY,22400.8,09-Apr-2025 15:09:25,0,104950,46014,1731759,19.62,0.1,-18.15,496950,0.1,0.15,385500,23100,150,701.55,702.95,300,147.45000000000005,703.6,34.58,2690,-1076,12397,0,09-Apr-2025 15:09:25
NIFTY,22400.8,09-Apr-2025 15:09:25,0,40938,5451,1094760,20.89,0.05,-15.45,3619725,0.05,0.1,468525,23150,75,751.3,752.9,375,146.05000000000007,752.85,35.99,1517,-273,4102,0,09-Apr-2025 15:09:25
NIFTY,22400.8,09-Apr-2025 15:09:25,0,85926,-12046,1677148,22.14,0.05,-13.2,3720825,0.05,0.1,1320975,23200,600,802.0,803.05,300,154.95000000000005,803.0,38.4,3512,-1110,12742,0,09-Apr-2025 15:09:25
NIFTY,22400.8,09-Apr-2025 15:09:25,0,37007,-10717,686983,23.39,0.1,-10.9,942825,0.1,0.15,621975,23250,225,852.0,853.0,150,151.70000000000005,853.0,41.92,1785,-127,9787,0,09-Apr-2025 15:09:25
NIFTY,22400.8,09-Apr-2025 15:09:25,0,96642,-21826,1136950,24.63,0.1,-9.200000000000001,356025,0.1,0.15,899250,23300,525,901.45,903.3,900,151.89999999999998,901.5,42.22,5569,-2360,17633,0,09-Apr-2025 15:09:25
NIFTY,22400.8,09-Apr-2025 15:09:25,0,28965,-22375,641682,25.86,0.05,-7.7,1724175,0.05,0.1,366750,23350,75,951.35,953.25,300,172.75,954.45,45.58,530,-356,4335,0,09-Apr-2025 15:09:25
NIFTY,22400.8,09-Apr-2025 15:09:25,0,62529,-25493,1039553,27.08,0.05,-6.5,1747050,0.05,0.1,1600050,23400,75,1002.25,1003.25,375,157.95000000000005,1003.75,47.87,2736,-1280,5182,0,09-Apr-2025 15:09:25
NIFTY,22400.8,09-Apr-2025 15:09:25,0,19522,-18519,496015,28.3,0.1,-5.6000000000000005,97125,0.1,0.15,58800,23450,150,1051.35,1053.45,300,159.25,1054.05,47.44,381,-203,1264,0,09-Apr-2025 15:09:25
NIFTY,22400.8,09-Apr-2025 15:09:25,0,132787,-30824,1728413,30.54,0.05,-4.7,3472950,0.05,0.1,2446200,23500,450,1102.6,1102.95,75,157.14999999999998,1103.0,46.54,2105,-1294,5459,0,09-Apr-2025 15:09:25
NIFTY,22400.8,09-Apr-2025 15:09:25,0,42690,15881,445643,29.09,0.05,-4.05,0,0.0,0.05,423075,23550,525,1150.75,1153.45,375,161.64999999999998,1150.0,50.3,170,-143,419,0,09-Apr-2025 15:09:25
NIFTY,22400.8,09-Apr-2025 15:09:25,0,42608,-29282,589275,31.91,0.05,-3.25,1469475,0.05,0.1,702075,23600,225,1202.0,1202.4,225,164.75,1202.0,52.08,498,-302,2266,0,09-Apr-2025 15:09:25
NIFTY,22400.8,09-Apr-2025 15:09:25,0,23595,2813,274458,31.37,0.05,-2.9000000000000004,847275,0.05,0.1,696600,23650,75,1250.25,1252.4,75,155.5,1254.45,56.92,91,-36,449,0,09-Apr-2025 15:09:25
NIFTY,22400.8,09-Apr-2025 15:09:25,0,36815,-27826,483204,34.29,0.05,-2.45,840225,0.05,0.1,760050,23700,75,1300.0,1301.65,375,163.10000000000014,1301.15,55.35,411,-355,2992,0,09-Apr-2025 15:09:25
NIFTY,22400.8,09-Apr-2025 15:09:25,0,10811,-15778,207280,35.47,0.1,-2.15,600375,0.1,0.15,174225,23750,1800,1351.05,1351.95,300,100.09999999999991,1350.1,55.71,92,-24,417,0,09-Apr-2025 15:09:25
NIFTY,22400.8,09-Apr-2025 15:09:25,0,36460,-48678,488451,36.64,0.15,-1.9,465975,0.1,0.15,400875,23800,450,1400.0,1402.05,300,160.8499999999999,1400.0,59.1,2469,-2371,7024,0,09-Apr-2025 15:09:25
NIFTY,22400.8,09-Apr-2025 15:09:25,0,9979,-12863,156641,37.81,0.05,-1.9,521550,0.05,0.1,448575,23850,225,1448.95,1452.0,150,170.25,1452.9,63.32,73,-46,214,0,09-Apr-2025 15:09:25
NIFTY,22400.8,09-Apr-2025 15:09:25,0,16012,-27931,269812,38.97,0.1,-1.7,601350,0.1,0.15,230775,23900,3300,1499.0,1502.45,75,171.1500000000001,1501.0,62.25,380,-334,1367,0,09-Apr-2025 15:09:25
NIFTY,22400.8,09-Apr-2025 15:09:25,0,7026,-8446,120001,40.13,0.05,-1.7,987975,0.05,0.1,151575,23950,75,1549.9,1554.1,75,222.70000000000005,1552.7,0.0,77,-45,63,0,09-Apr-2025 15:09:25
NIFTY,22400.8,09-Apr-2025 15:09:25,0,65163,-94581,760749,41.28,0.05,-1.55,0,0.0,0.05,314850,24000,525,1602.0,1604.1,300,160.1500000000001,1604.75,70.48,1243,-1012,816,0,09-Apr-2025 15:09:25
NIFTY,22400.8,09-Apr-2025 15:09:25,0,6810,-7590,96380,42.43,0.05,-1.55,802800,0.05,0.1,336375,24050,1725,1648.5,1652.0,225,148.9000000000001,1626.5,0.0,18,-6,88,0,09-Apr-2025 15:09:25
NIFTY,22400.8,09-Apr-2025 15:09:25,0,13712,-20357,242486,43.57,0.05,-1.4,1906125,0.05,0.1,529875,24100,75,1700.2,1704.15,225,172.75,1704.1,69.78,42,-27,84,0,09-Apr-2025 15:09:25
NIFTY,22400.8,09-Apr-2025 15:09:25,0,4620,-6215,70059,44.71,0.05,-1.4,1062450,0.05,0.1,242925,24150,1500,1550.1,1790.1,1500,0.0,0.0,0.0,0,0,8,0,09-Apr-2025 15:09:25
NIFTY,22400.8,09-Apr-2025 15:09:25,0,10509,-30812,267134,45.84,0.05,-1.3499999999999999,1122300,0.05,0.1,125925,24200,225,1800.75,1804.2,75,154.94999999999982,1803.1,77.8,142,-60,138,0,09-Apr-2025 15:09:25
NIFTY,22400.8,09-Apr-2025 15:09:25,0,3092,-3614,42805,46.97,0.1,-1.2,1028325,0.05,0.1,96975,24250,150,1848.2,1852.05,75,-1.4500000000000455,1813.55,0.0,7,-5,40,0,09-Apr-2025 15:09:25
NIFTY,22400.8,09-Apr-2025 15:09:25,0,9276,-9299,126813,45.7,0.05,-1.25,1111575,0.05,0.1,300225,24300,75,1899.4,1904.2,75,160.35000000000014,1904.9,80.22,47,-35,45,0,09-Apr-2025 15:09:25
NIFTY,22400.8,09-Apr-2025 15:09:25,0,4016,490,34529,46.78,0.05,-1.2,793725,0.05,0.1,183825,24350,1725,1728.6,1995.9,1500,0.0,0.0,0.0,0,0,30,0,09-Apr-2025 15:09:25
NIFTY,22400.8,09-Apr-2025 15:09:25,0,7185,-5599,60656,47.84,0.1,-1.0499999999999998,1238325,0.05,0.1,202650,24400,150,1998.65,2004.7,75,130.79999999999995,2004.1,85.19,27,-9,27,0,09-Apr-2025 15:09:25
NIFTY,22400.8,09-Apr-2025 15:09:25,0,9879,3452,40730,48.91,0.05,-1.0999999999999999,574350,0.05,0.1,372900,24450,1500,1834.3,2145.5,1500,0.0,0.0,0.0,0,0,10,0,09-Apr-2025 15:09:25
NIFTY,22400.8,09-Apr-2025 15:09:25,0,26567,-14972,431539,49.97,0.05,-1.05,0,0.0,0.05,631725,24500,225,2099.6,2102.45,75,159.0,2105.4,85.07,383,-275,208,0,09-Apr-2025 15:09:25
NIFTY,22400.8,09-Apr-2025 15:09:25,0,4291,-1301,39851,51.03,0.05,-0.95,559650,0.05,0.1,194400,24550,1500,1920.25,2192.65,1500,0.0,0.0,0.0,0,0,5,0,09-Apr-2025 15:09:25
NIFTY,22400.8,09-Apr-2025 15:09:25,0,5502,-2022,35093,54.76,0.05,-1.0,682875,0.05,0.1,329400,24600,150,2199.95,2204.95,375,245.30000000000018,2205.8,72.82,31,-15,16,0,09-Apr-2025 15:09:25
NIFTY,22400.8,09-Apr-2025 15:09:25,0,2466,592,20811,53.13,0.05,-1.05,535125,0.05,0.1,168225,24650,1500,2043.45,2295.1,1500,0.0,0.0,0.0,0,0,5,0,09-Apr-2025 15:09:25
NIFTY,22400.8,09-Apr-2025 15:09:25,0,5455,-2801,45326,54.17,0.05,-1.0,1131000,0.05,0.1,300525,24700,750,2297.4,2304.4,150,152.0,2300.0,88.86,54,-14,41,0,09-Apr-2025 15:09:25
NIFTY,22400.8,09-Apr-2025 15:09:25,0,2958,-3302,26144,55.22,0.05,-1.0,317325,0.05,0.1,140400,24750,1500,2330.8,2397.95,1500,0.0,0.0,0.0,0,0,7,0,09-Apr-2025 15:09:25
NIFTY,22400.8,09-Apr-2025 15:09:25,0,7215,-3777,52014,56.25,0.05,-0.8999999999999999,1014975,0.05,0.1,251400,24800,150,2398.1,2402.7,75,161.0,2400.0,92.01,61,-36,26,0,09-Apr-2025 15:09:25
NIFTY,22400.8,09-Apr-2025 15:09:25,0,2592,-197,20483,57.29,0.05,-0.95,728925,0.05,0.1,172875,24850,1500,2260.85,2498.0,1500,0.0,0.0,0.0,0,0,17,0,09-Apr-2025 15:09:25
NIFTY,22400.8,09-Apr-2025 15:09:25,0,3885,-431,29024,58.32,0.05,-0.95,1663575,0.05,0.1,198675,24900,1500,2255.95,2559.3,1500,0.0,0.0,0.0,0,0,16,0,09-Apr-2025 15:09:25
NIFTY,22400.8,09-Apr-2025 15:09:25,0,2414,-356,12489,59.35,0.1,-0.85,598800,0.05,0.1,157125,24950,1500,2351.1,2599.35,1500,0.0,0.0,0.0,0,0,8,0,09-Apr-2025 15:09:25
NIFTY,22400.8,09-Apr-2025 15:09:25,0,43243,-43645,303260,60.37,0.05,-0.85,0,0.0,0.05,306150,25000,75,2601.35,2604.7,150,162.3499999999999,2601.35,103.63,270,-240,93,0,09-Apr-2025 15:09:25
NIFTY,22400.8,09-Apr-2025 15:09:25,0,1657,-359,13917,64.48,0.05,-0.8999999999999999,599325,0.05,0.15,88575,25050,1500,2428.15,2701.35,1500,0.0,0.0,0.0,0,0,5,0,09-Apr-2025 15:09:25
NIFTY,22400.8,09-Apr-2025 15:09:25,0,8147,-4309,95507,62.41,0.05,-0.85,0,0.0,0.05,238275,25100,1500,2696.45,2704.55,225,147.0999999999999,2695.0,87.28,15,-5,22,0,09-Apr-2025 15:09:25
NIFTY,22400.8,09-Apr-2025 15:09:25,0,1785,-427,13113,66.6,0.05,-0.7999999999999999,440400,0.05,0.1,84900,25150,750,2746.5,2754.0,150,123.94999999999982,2745.85,99.73,75,-10,6,0,09-Apr-2025 15:09:25
NIFTY,22400.8,09-Apr-2025 15:09:25,0,4785,-5368,56418,64.44,0.05,-0.7999999999999999,1159275,0.05,0.1,241200,25200,75,2797.35,2805.2,225,152.05000000000018,2806.9,115.55,42,-37,11,0,09-Apr-2025 15:09:25
NIFTY,22400.8,09-Apr-2025 15:09:25,0,4567,-4191,45903,65.45,0.05,-0.85,999525,0.05,0.1,214800,25250,1500,2609.65,2903.9,1500,0.0,0.0,0.0,0,0,5,0,09-Apr-2025 15:09:25
NIFTY,22400.8,09-Apr-2025 15:09:25,0,18212,-10678,86668,69.76,0.1,-0.75,615900,0.1,0.15,198675,25300,1875,2863.75,2914.9,1875,281.0,2911.0,123.93,3,-1,7,0,09-Apr-2025 15:09:25
NIFTY,22400.8,09-Apr-2025 15:09:25,0,11719,-5203,86047,67.46,0.05,-0.7999999999999999,150375,0.05,0.1,375975,25350,375,2946.25,2956.35,375,170.20000000000027,2915.55,0.0,12,0,20,0,09-Apr-2025 15:09:25
NIFTY,22400.8,09-Apr-2025 15:09:25,0,85894,-58427,385874,71.85,0.15,-0.7,220875,0.1,0.15,312075,25400,1950,2996.15,3002.25,75,252.3499999999999,3022.35,138.79,8,0,24,0,09-Apr-2025 15:09:25
BANKNIFTY,50228.2,09-Apr-2025 15:08:55,0,25,0,6,0.0,9861.0,-1420.6000000000004,120,9761.55,10060.75,480,40500,150,29.75,29.9,150,1.0999999999999979,29.9,51.17,52276,2862,23960,0,09-Apr-2025 15:08:55
BANKNIFTY,50228.2,09-Apr-2025 15:08:55,0,139,-2,3,0.0,9239.0,-461.0,450,9395.25,9473.25,60,41000,60,34.6,34.85,60,3.4499999999999993,34.75,49.78,56260,5714,19090,0,09-Apr-2025 15:08:55
BANKNIFTY,50228.2,09-Apr-2025 15:08:55,0,7,0,0,0.0,0.0,0.0,240,8694.75,9099.45,240,41500,60,38.75,39.0,180,4.799999999999997,39.0,48.09,15700,809,5735,0,09-Apr-2025 15:08:55
BANKNIFTY,50228.2,09-Apr-2025 15:08:55,0,492,0,0,0.0,0.0,0.0,240,8178.2,8675.65,240,42000,420,42.6,42.85,300,5.5,42.6,46.27,48144,5541,22611,0,09-Apr-2025 15:08:55
BANKNIFTY,50228.2,09-Apr-2025 15:08:55,0,0,0,0,0.0,0.0,0.0,240,7651.8,8143.9,240,42500,120,46.85,47.3,900,4.5,46.7,44.45,15849,1495,4523,0,09-Apr-2025 15:08:55
BANKNIFTY,50228.2,09-Apr-2025 15:08:55,0,0,0,0,0.0,0.0,0.0,240,7010.5,7766.7,240,42900,120,50.3,50.7,120,4.700000000000003,50.6,42.65,4656,105,699,0,09-Apr-2025 15:08:55
BANKNIFTY,50228.2,09-Apr-2025 15:08:55,0,242,-2,3,39.44,7459.3,-269.5,300,7418.4,7494.85,120,43000,330,51.35,51.65,150,4.549999999999997,51.4,42.51,40674,335,10510,0,09-Apr-2025 15:08:55
BANKNIFTY,50228.2,09-Apr-2025 15:08:55,0,0,0,0,0.0,0.0,0.0,240,6810.8,7578.5,240,43100,270,51.6,53.8,180,5.199999999999996,53.15,42.17,2690,124,757,0,09-Apr-2025 15:08:55
BANKNIFTY,50228.2,09-Apr-2025 15:08:55,0,1,0,0,0.0,0.0,0.0,240,6714.35,7517.05,240,43200,150,52.7,55.45,30,3.25,52.3,41.77,1829,189,574,0,09-Apr-2025 15:08:55
BANKNIFTY,50228.2,09-Apr-2025 15:08:55,0,0,0,0,0.0,0.0,0.0,240,6742.65,7416.35,240,43300,180,54.3,56.0,120,5.799999999999997,55.9,40.92,2639,115,320,0,09-Apr-2025 15:08:55
BANKNIFTY,50228.2,09-Apr-2025 15:08:55,0,0,0,0,0.0,0.0,0.0,240,6523.65,7265.55,240,43400,480,55.5,57.7,210,5.200000000000003,56.85,40.92,2455,131,312,0,09-Apr-2025 15:08:55
BANKNIFTY,50228.2,09-Apr-2025 15:08:55,0,6,0,0,0.0,0.0,0.0,60,6816.85,7059.2,30,43500,30,58.6,58.8,120,5.650000000000006,58.95,40.81,32447,4633,9366,0,09-Apr-2025 15:08:55
BANKNIFTY,50228.2,09-Apr-2025 15:08:55,0,0,0,0,0.0,0.0,0.0,240,6350.2,7041.05,240,43600,240,55.85,59.95,60,4.050000000000004,58.7,40.5,2347,14,575,0,09-Apr-2025 15:08:55
BANKNIFTY,50228.2,09-Apr-2025 15:08:55,0,0,0,0,0.0,0.0,0.0,240,6278.45,6926.85,240,43700,840,53.8,61.9,60,3.3000000000000043,58.85,40.05,1130,164,340,0,09-Apr-2025 15:08:55
BANKNIFTY,50228.2,09-Apr-2025 15:08:55,0,0,0,0,0.0,0.0,0.0,240,6239.05,6866.85,240,43800,630,58.55,64.85,30,0.3500000000000014,59.15,39.82,1514,144,428,0,09-Apr-2025 15:08:55
BANKNIFTY,50228.2,09-Apr-2025 15:08:55,0,0,0,0,0.0,0.0,0.0,240,6097.9,6709.45,240,43900,30,60.5,65.3,240,1.6499999999999986,63.0,39.43,1425,162,402,0,09-Apr-2025 15:08:55
BANKNIFTY,50228.2,09-Apr-2025 15:08:55,0,872,-90,97,34.95,6465.7,-298.35000000000036,60,6471.55,6522.2,120,44000,60,66.9,67.25,90,4.200000000000003,66.9,39.15,55744,2803,16288,0,09-Apr-2025 15:08:55
BANKNIFTY,50228.2,09-Apr-2025 15:08:55,0,0,0,0,0.0,0.0,0.0,240,5948.85,6603.55,240,44100,900,67.0,69.6,60,2.3500000000000085,66.65,38.58,1931,142,564,0,09-Apr-2025 15:08:55
BANKNIFTY,50228.2,09-Apr-2025 15:08:55,0,0,0,0,0.0,0.0,0.0,240,5786.05,6404.45,750,44200,120,69.9,70.6,90,6.549999999999997,70.25,38.49,2353,182,937,0,09-Apr-2025 15:08:55
BANKNIFTY,50228.2,09-Apr-2025 15:08:55,0,1,0,0,0.0,0.0,0.0,240,5775.75,6395.3,240,44300,90,54.85,74.7,150,-0.30000000000001137,67.85,37.99,1334,44,413,0,09-Apr-2025 15:08:55
BANKNIFTY,50228.2,09-Apr-2025 15:08:55,0,0,0,0,0.0,0.0,0.0,240,5609.95,6269.3,240,44400,180,73.45,75.0,30,2.5,73.25,37.71,1439,105,531,0,09-Apr-2025 15:08:55
BANKNIFTY,50228.2,09-Apr-2025 15:08:55,0,0,0,0,0.0,0.0,0.0,240,5829.8,6066.0,30,44500,30,76.25,76.6,90,4.549999999999997,76.7,37.39,19311,524,4106,0,09-Apr-2025 15:08:55
BANKNIFTY,50228.2,09-Apr-2025 15:08:55,0,0,0,0,0.0,0.0,0.0,240,5455.45,6072.65,240,44600,30,77.9,79.7,210,5.200000000000003,78.7,36.73,1431,96,507,0,09-Apr-2025 15:08:55
BANKNIFTY,50228.2,09-Apr-2025 15:08:55,0,0,0,0,0.0,0.0,0.0,240,5341.1,5925.0,240,44700,60,80.75,81.95,90,5.6499999999999915,81.35,36.36,1797,136,355,0,09-Apr-2025 15:08:55
BANKNIFTY,50228.2,09-Apr-2025 15:08:55,0,0,0,0,0.0,0.0,0.0,240,5203.65,5844.05,240,44800,90,82.95,84.8,120,3.6500000000000057,83.2,36.19,2565,75,628,0,09-Apr-2025 15:08:55
BANKNIFTY,50228.2,09-Apr-2025 15:08:55,0,2,0,0,0.0,0.0,0.0,240,5106.0,5732.5,240,44900,30,85.65,87.3,150,3.9000000000000057,86.0,36.3,1901,-26,531,0,09-Apr-2025 15:08:55
BANKNIFTY,50228.2,09-Apr-2025 15:08:55,0,2267,-3,169,34.14,5503.55,-329.6999999999998,30,5488.25,5522.95,30,45000,120,89.05,89.4,30,4.700000000000003,89.05,35.77,67725,764,19552,0,09-Apr-2025 15:08:55
BANKNIFTY,50228.2,09-Apr-2025 15:08:55,0,2,0,0,0.0,0.0,0.0,240,4932.95,5535.95,240,45100,120,91.2,91.75,60,5.450000000000003,91.55,35.44,3363,102,596,0,09-Apr-2025 15:08:55
BANKNIFTY,50228.2,09-Apr-2025 15:08:55,0,0,0,0,0.0,0.0,0.0,240,4811.7,5444.7,240,45200,210,93.3,95.7,30,4.5,95.0,35.2,3379,306,874,0,09-Apr-2025 15:08:55
BANKNIFTY,50228.2,09-Apr-2025 15:08:55,0,0,0,0,0.0,0.0,0.0,240,4764.1,5342.35,240,45300,60,97.8,98.4,60,5.3999999999999915,97.55,34.87,5068,313,1381,0,09-Apr-2025 15:08:55
BANKNIFTY,50228.2,09-Apr-2025 15:08:55,0,3,0,0,0.0,0.0,0.0,240,4705.15,5238.5,240,45400,240,101.95,103.05,30,5.3500000000000085,101.7,34.54,6361,-112,684,0,09-Apr-2025 15:08:55
BANKNIFTY,50228.2,09-Apr-2025 15:08:55,0,1779,-1,127,31.91,5010.0,-443.39999999999964,30,5009.95,5070.6,30,45500,60,105.1,105.8,150,5.900000000000006,105.25,34.27,35470,142,8916,0,09-Apr-2025 15:08:55
BANKNIFTY,50228.2,09-Apr-2025 15:08:55,0,0,0,0,0.0,0.0,0.0,240,4464.15,5059.75,240,45600,210,107.4,109.0,30,5.300000000000011,109.15,33.9,3657,144,832,0,09-Apr-2025 15:08:55
BANKNIFTY,50228.2,09-Apr-2025 15:08:55,0,7,0,0,0.0,0.0,0.0,60,4704.2,4922.35,60,45700,300,112.2,114.15,150,6.299999999999997,112.95,33.63,7035,244,1632,0,09-Apr-2025 15:08:55
BANKNIFTY,50228.2,09-Apr-2025 15:08:55,0,4,0,0,0.0,0.0,0.0,240,4343.05,4865.2,240,45800,120,116.05,118.0,150,7.549999999999997,117.6,33.33,3841,172,803,0,09-Apr-2025 15:08:55
BANKNIFTY,50228.2,09-Apr-2025 15:08:55,0,0,0,0,0.0,0.0,0.0,240,4513.45,4726.0,60,45900,210,120.65,122.7,120,7.450000000000003,121.5,33.06,3742,271,872,0,09-Apr-2025 15:08:55
BANKNIFTY,50228.2,09-Apr-2025 15:08:55,0,5761,98,322,31.74,4544.25,-338.0,30,4542.5,4562.35,30,46000,120,125.65,125.85,60,6.799999999999997,125.5,32.83,77207,-2074,18500,0,09-Apr-2025 15:08:55
BANKNIFTY,50228.2,09-Apr-2025 15:08:55,0,7,0,0,0.0,0.0,0.0,240,4314.9,4537.6,60,46100,60,129.9,130.6,60,8.0,129.6,32.41,4503,384,1102,0,09-Apr-2025 15:08:55
BANKNIFTY,50228.2,09-Apr-2025 15:08:55,0,6,0,0,0.0,0.0,0.0,240,4188.0,4465.9,600,46200,30,134.15,135.3,90,8.049999999999997,134.75,32.27,3843,-105,773,0,09-Apr-2025 15:08:55
BANKNIFTY,50228.2,09-Apr-2025 15:08:55,0,4,0,0,0.0,0.0,0.0,240,4130.65,4343.05,60,46300,30,140.25,141.05,150,7.300000000000011,139.05,31.91,4010,177,701,0,09-Apr-2025 15:08:55
BANKNIFTY,50228.2,09-Apr-2025 15:08:55,0,5,0,0,0.0,0.0,0.0,240,4004.9,4293.95,240,46400,360,145.2,146.95,60,7.949999999999989,145.85,31.72,6744,806,1702,0,09-Apr-2025 15:08:55
BANKNIFTY,50228.2,09-Apr-2025 15:08:55,0,1600,-27,51,29.23,4052.05,-329.39999999999964,30,4066.4,4104.15,30,46500,120,152.15,152.8,30,9.199999999999989,152.0,31.46,46202,-898,12378,0,09-Apr-2025 15:08:55
BANKNIFTY,50228.2,09-Apr-2025 15:08:55,0,2,0,0,0.0,0.0,0.0,240,3827.05,4092.15,240,46600,90,158.3,159.5,270,10.300000000000011,158.3,31.25,5544,735,1424,0,09-Apr-2025 15:08:55
BANKNIFTY,50228.2,09-Apr-2025 15:08:55,0,0,0,0,0.0,0.0,0.0,240,3760.0,3996.85,240,46700,60,164.5,165.65,60,10.099999999999994,164.9,30.86,6728,509,1897,0,09-Apr-2025 15:08:55
BANKNIFTY,50228.2,09-Apr-2025 15:08:55,0,17,0,0,0.0,0.0,0.0,240,3633.15,3918.4,240,46800,210,170.6,172.35,30,12.349999999999994,172.15,30.6,6778,671,2347,0,09-Apr-2025 15:08:55
BANKNIFTY,50228.2,09-Apr-2025 15:08:55,0,6,0,0,0.0,0.0,0.0,240,3574.85,3819.35,240,46900,30,177.05,180.0,30,12.300000000000011,179.25,30.36,4263,215,1737,0,09-Apr-2025 15:08:55
BANKNIFTY,50228.2,09-Apr-2025 15:08:55,0,1388,-28,311,28.68,3626.3,-286.5,30,3605.4,3628.0,30,47000,30,186.65,187.2,30,12.199999999999989,186.7,30.19,73308,4777,26861,0,09-Apr-2025 15:08:55
BANKNIFTY,50228.2,09-Apr-2025 15:08:55,0,26,0,0,0.0,0.0,0.0,240,3398.95,3593.85,60,47100,180,194.0,195.95,120,12.400000000000006,195.0,29.89,5544,-112,1199,0,09-Apr-2025 15:08:55
BANKNIFTY,50228.2,09-Apr-2025 15:08:55,0,8,0,0,0.0,0.0,0.0,240,3258.15,3547.5,240,47200,150,201.75,203.3,90,12.800000000000011,202.5,29.64,7085,-54,1435,0,09-Apr-2025 15:08:55
BANKNIFTY,50228.2,09-Apr-2025 15:08:55,0,6,0,0,0.0,0.0,0.0,240,3209.4,3437.5,750,47300,30,211.35,212.65,30,13.849999999999994,212.1,29.43,7123,69,1924,0,09-Apr-2025 15:08:55
BANKNIFTY,50228.2,09-Apr-2025 15:08:55,0,21,0,0,0.0,0.0,0.0,240,3117.75,3354.4,240,47400,60,220.4,221.4,30,15.849999999999994,221.45,29.18,7165,368,1225,0,09-Apr-2025 15:08:55
BANKNIFTY,50228.2,09-Apr-2025 15:08:55,0,621,6,35,26.9,3125.9,-353.4000000000001,30,3131.2,3177.4,60,47500,30,230.5,231.2,30,15.300000000000011,230.4,28.95,34525,-16,9120,0,09-Apr-2025 15:08:55
BANKNIFTY,50228.2,09-Apr-2025 15:08:55,0,55,0,0,0.0,0.0,0.0,240,2908.95,3175.45,240,47600,90,240.55,242.05,90,18.900000000000006,240.9,28.68,6788,547,2366,0,09-Apr-2025 15:08:55
BANKNIFTY,50228.2,09-Apr-2025 15:08:55,0,151,0,1,18.42,2800.0,-489.9499999999998,120,2920.35,3043.6,360,47700,120,251.95,253.4,30,21.350000000000023,254.8,28.45,6188,462,1321,0,09-Apr-2025 15:08:55
BANKNIFTY,50228.2,09-Apr-2025 15:08:55,0,175,0,7,20.52,2740.0,-436.1500000000001,480,2852.8,2919.35,150,47800,60,263.8,265.1,150,21.899999999999977,265.4,28.24,7267,448,1711,0,09-Apr-2025 15:08:55
BANKNIFTY,50228.2,09-Apr-2025 15:08:55,0,332,-11,67,26.74,2786.5,-321.75,30,2778.7,2855.25,150,47900,60,275.9,278.35,30,22.94999999999999,277.5,27.98,7550,91,1261,0,09-Apr-2025 15:08:55
BANKNIFTY,50228.2,09-Apr-2025 15:08:55,0,5086,168,2064,26.55,2715.45,-326.25,60,2707.05,2728.95,30,48000,60,288.15,288.95,60,24.850000000000023,288.85,27.82,110417,-378,27026,0,09-Apr-2025 15:08:55
BANKNIFTY,50228.2,09-Apr-2025 15:08:55,0,199,3,96,24.7,2571.15,-300.2999999999997,150,2621.15,2671.55,30,48100,30,303.7,304.95,30,30.900000000000034,304.1,27.58,12851,328,3071,0,09-Apr-2025 15:08:55
BANKNIFTY,50228.2,09-Apr-2025 15:08:55,0,263,9,111,0.0,2222.0,-509.3499999999999,210,2520.4,2615.0,30,48200,30,318.25,319.9,90,29.75,318.65,27.34,13485,215,3968,0,09-Apr-2025 15:08:55
BANKNIFTY,50228.2,09-Apr-2025 15:08:55,0,570,-29,175,26.08,2447.35,-148.05000000000018,60,2459.45,2483.85,30,48300,120,332.15,333.7,90,33.44999999999999,335.4,27.13,11023,29,2072,0,09-Apr-2025 15:08:55
BANKNIFTY,50228.2,09-Apr-2025 15:08:55,0,322,70,181,26.91,2393.85,-295.8499999999999,60,2372.25,2408.5,30,48400,30,349.4,350.9,60,35.849999999999966,350.95,26.92,13021,256,2490,0,09-Apr-2025 15:08:55
BANKNIFTY,50228.2,09-Apr-2025 15:08:55,0,4020,-27,611,25.82,2300.0,-293.1500000000001,30,2297.6,2313.95,30,48500,60,365.15,366.2,60,37.19999999999999,365.9,26.7,55533,2359,15039,0,09-Apr-2025 15:08:55
BANKNIFTY,50228.2,09-Apr-2025 15:08:55,0,411,25,196,25.66,2204.35,-306.6500000000001,60,2212.65,2243.9,690,48600,330,382.3,384.7,30,38.0,383.5,26.45,17180,156,2602,0,09-Apr-2025 15:08:55
BANKNIFTY,50228.2,09-Apr-2025 15:08:55,0,474,29,213,25.47,2120.0,-331.25,510,2131.2,2160.15,510,48700,30,402.8,404.4,330,40.30000000000001,403.0,26.25,23668,943,3688,0,09-Apr-2025 15:08:55
BANKNIFTY,50228.2,09-Apr-2025 15:08:55,0,578,59,339,24.47,2061.0,-282.6500000000001,210,2055.9,2069.0,30,48800,120,420.15,422.35,30,44.64999999999998,422.9,26.08,17580,445,2882,0,09-Apr-2025 15:08:55
BANKNIFTY,50228.2,09-Apr-2025 15:08:55,0,710,37,171,25.54,1967.0,-281.5500000000002,30,1974.8,1989.05,120,48900,30,441.75,443.15,30,48.44999999999999,441.95,25.84,15163,351,2250,0,09-Apr-2025 15:08:55
BANKNIFTY,50228.2,09-Apr-2025 15:08:55,0,11218,-324,6728,25.1,1901.9,-279.9000000000001,450,1905.75,1909.95,30,49000,30,464.25,465.15,30,51.35000000000002,464.5,25.66,130529,2324,29022,0,09-Apr-2025 15:08:55
BANKNIFTY,50228.2,09-Apr-2025 15:08:55,0,557,-10,529,24.77,1796.7,-328.79999999999995,540,1819.75,1833.75,30,49100,60,485.9,487.85,30,56.849999999999966,486.7,25.44,19547,557,2842,0,09-Apr-2025 15:08:55
BANKNIFTY,50228.2,09-Apr-2025 15:08:55,0,666,-27,755,24.26,1738.65,-293.8499999999999,90,1746.75,1758.8,510,49200,300,511.0,511.55,90,57.89999999999998,511.0,25.27,21152,326,3196,0,09-Apr-2025 15:08:55
BANKNIFTY,50228.2,09-Apr-2025 15:08:55,0,1590,20,1667,24.18,1676.0,-277.9000000000001,210,1674.4,1685.65,30,49300,60,535.35,537.0,30,61.75,536.9,25.05,22515,-105,4634,0,09-Apr-2025 15:08:55
BANKNIFTY,50228.2,09-Apr-2025 15:08:55,0,1404,49,1502,24.07,1605.8,-258.70000000000005,30,1601.3,1611.85,510,49400,30,563.35,564.75,30,65.30000000000007,562.45,24.85,18911,65,3221,0,09-Apr-2025 15:08:55
BANKNIFTY,50228.2,09-Apr-2025 15:08:55,0,8852,-749,12079,24.05,1532.7,-258.79999999999995,90,1531.05,1534.65,120,49500,90,590.1,591.45,60,72.14999999999998,591.1,24.71,91528,548,17475,0,09-Apr-2025 15:08:55
BANKNIFTY,50228.2,09-Apr-2025 15:08:55,0,1948,-182,2992,24.03,1460.0,-248.79999999999995,60,1462.2,1466.85,90,49600,30,620.3,621.85,30,73.85000000000002,620.0,24.51,30998,603,4933,0,09-Apr-2025 15:08:55
BANKNIFTY,50228.2,09-Apr-2025 15:08:55,0,1313,39,4074,23.79,1385.0,-252.54999999999995,60,1392.65,1398.0,30,49700,30,651.7,653.35,30,75.45000000000005,652.0,24.39,33531,1375,4177,0,09-Apr-2025 15:08:55
BANKNIFTY,50228.2,09-Apr-2025 15:08:55,0,1898,-246,8174,23.62,1325.25,-225.9000000000001,60,1325.15,1327.6,90,49800,30,683.6,685.5,30,82.70000000000005,684.0,24.15,36777,784,4795,0,09-Apr-2025 15:08:55
BANKNIFTY,50228.2,09-Apr-2025 15:08:55,0,1999,216,13471,23.53,1258.25,-230.6500000000001,30,1260.2,1263.2,180,49900,60,716.9,718.5,60,85.64999999999998,718.0,24.0,47401,1353,4799,0,09-Apr-2025 15:08:55
BANKNIFTY,50228.2,09-Apr-2025 15:08:55,0,21559,1992,96291,23.29,1195.8,-223.70000000000005,60,1194.65,1196.0,30,50000,30,753.35,755.0,60,96.29999999999995,755.9,23.8,236082,6614,40079,0,09-Apr-2025 15:08:55
BANKNIFTY,50228.2,09-Apr-2025 15:08:55,0,3723,1510,56513,23.14,1135.45,-216.0999999999999,30,1133.45,1136.0,30,50100,90,790.75,792.45,60,100.95000000000005,790.7,23.68,103898,1363,5253,0,09-Apr-2025 15:08:55
BANKNIFTY,50228.2,09-Apr-2025 15:08:55,0,7247,3110,91101,22.91,1072.55,-208.54999999999995,30,1072.55,1074.2,120,50200,30,829.3,830.75,60,107.25,830.5,23.48,120500,3149,8355,0,09-Apr-2025 15:08:55
BANKNIFTY,50228.2,09-Apr-2025 15:08:55,0,6673,3936,100282,22.78,1018.0,-199.25,150,1016.25,1017.95,30,50300,60,870.6,872.05,120,110.25,871.4,23.39,128907,2458,6743,0,09-Apr-2025 15:08:55
BANKNIFTY,50228.2,09-Apr-2025 15:08:55,0,7086,4155,92964,22.68,958.7,-195.5999999999999,120,957.25,959.25,90,50400,210,914.55,915.95,210,114.55000000000007,915.2,23.24,122883,2531,6568,0,09-Apr-2025 15:08:55
BANKNIFTY,50228.2,09-Apr-2025 15:08:55,0,27552,10910,200916,22.51,905.0,-189.4000000000001,60,903.4,905.15,210,50500,60,956.5,958.55,60,117.95000000000005,954.2,23.08,167081,1400,24320,0,09-Apr-2025 15:08:55
BANKNIFTY,50228.2,09-Apr-2025 15:08:55,0,5302,2121,55647,22.45,851.95,-184.20000000000005,90,850.55,851.9,90,50600,30,1002.2,1003.95,180,124.60000000000002,1002.7,22.88,40134,-547,3742,0,09-Apr-2025 15:08:55
BANKNIFTY,50228.2,09-Apr-2025 15:08:55,0,5867,1030,43841,22.3,800.7,-178.14999999999998,30,799.65,801.2,30,50700,30,1051.15,1053.0,30,132.64999999999998,1052.05,22.78,31016,-1101,4194,0,09-Apr-2025 15:08:55
BANKNIFTY,50228.2,09-Apr-2025 15:08:55,0,5897,1607,42977,22.22,751.05,-174.25,60,750.35,752.05,30,50800,60,1102.8,1105.55,30,152.35000000000002,1106.7,22.74,16235,-927,4670,0,09-Apr-2025 15:08:55
BANKNIFTY,50228.2,09-Apr-2025 15:08:55,0,3676,546,24063,22.11,704.6,-168.29999999999995,60,703.15,704.95,90,50900,150,1155.15,1159.85,270,166.89999999999998,1164.75,22.6,8277,-429,2165,0,09-Apr-2025 15:08:55
BANKNIFTY,50228.2,09-Apr-2025 15:08:55,0,38045,7191,168740,21.97,659.9,-156.95000000000005,60,658.5,660.0,60,51000,30,1209.9,1214.5,60,159.45000000000005,1209.65,22.53,38953,-1122,21947,0,09-Apr-2025 15:08:55
BANKNIFTY,50228.2,09-Apr-2025 15:08:55,0,4875,1506,26646,21.89,618.85,-153.10000000000002,30,618.35,619.05,60,51100,90,1264.65,1271.8,180,165.25,1266.3,22.74,4407,64,2765,0,09-Apr-2025 15:08:55
BANKNIFTY,50228.2,09-Apr-2025 15:08:55,0,4606,1036,30945,21.87,577.05,-143.35000000000002,60,575.7,577.0,30,51200,60,1323.1,1330.1,30,165.29999999999995,1324.05,22.52,4076,93,3439,0,09-Apr-2025 15:08:55
BANKNIFTY,50228.2,09-Apr-2025 15:08:55,0,3832,776,26814,21.75,539.0,-137.0,60,537.5,539.05,30,51300,60,1386.7,1390.7,60,166.45000000000005,1384.45,22.16,3438,-28,2792,0,09-Apr-2025 15:08:55
BANKNIFTY,50228.2,09-Apr-2025 15:08:55,0,3552,473,22829,21.75,503.0,-125.64999999999998,30,501.25,502.7,30,51400,150,1450.45,1456.9,60,192.0,1450.95,21.8,2135,-231,2674,0,09-Apr-2025 15:08:55
BANKNIFTY,50228.2,09-Apr-2025 15:08:55,0,33840,5197,98382,21.68,469.25,-119.79999999999995,30,468.55,469.3,180,51500,30,1517.1,1523.4,540,203.64999999999986,1521.85,22.29,11039,-252,14840,0,09-Apr-2025 15:08:55
BANKNIFTY,50228.2,09-Apr-2025 15:08:55,0,7256,248,29247,21.64,435.65,-113.39999999999998,60,435.8,436.75,60,51600,120,1582.5,1588.5,30,206.0,1582.15,21.89,1148,-15,3765,0,09-Apr-2025 15:08:55
BANKNIFTY,50228.2,09-Apr-2025 15:08:55,0,7003,1283,34184,21.6,406.25,-107.10000000000002,30,405.65,406.3,60,51700,540,1645.05,1661.4,540,202.45000000000005,1655.0,21.58,718,-38,2861,0,09-Apr-2025 15:08:55
BANKNIFTY,50228.2,09-Apr-2025 15:08:55,0,7722,272,24759,21.55,378.85,-98.29999999999995,30,377.45,378.35,60,51800,30,1717.3,1732.75,510,230.79999999999995,1733.45,21.81,523,-57,3027,0,09-Apr-2025 15:08:55
BANKNIFTY,50228.2,09-Apr-2025 15:08:55,0,6469,350,26645,21.51,350.5,-94.0,30,350.1,351.1,30,51900,30,1793.75,1803.1,330,224.35000000000014,1800.4,21.94,534,-5,2843,0,09-Apr-2025 15:08:55
BANKNIFTY,50228.2,09-Apr-2025 15:08:55,0,56273,11194,168747,21.51,325.0,-87.64999999999998,90,324.7,325.55,60,52000,60,1868.05,1873.3,60,230.0,1872.5,22.19,6761,-386,14484,0,09-Apr-2025 15:08:55
BANKNIFTY,50228.2,09-Apr-2025 15:08:55,0,4822,531,17191,21.5,304.1,-80.69999999999999,60,302.8,303.75,120,52100,510,1942.15,1960.55,510,283.39999999999986,1947.1,21.9,275,-125,1044,0,09-Apr-2025 15:08:55
BANKNIFTY,50228.2,09-Apr-2025 15:08:55,0,6586,1078,23444,21.53,281.95,-75.25,30,280.4,281.35,30,52200,510,1982.55,2038.7,510,277.6500000000001,2053.25,22.71,252,64,1323,0,09-Apr-2025 15:08:55
BANKNIFTY,50228.2,09-Apr-2025 15:08:55,0,5004,1434,22578,21.51,260.1,-69.89999999999998,30,260.0,260.8,60,52300,30,2097.15,2107.75,330,261.85000000000014,2110.15,21.85,117,-9,904,0,09-Apr-2025 15:08:55
BANKNIFTY,50228.2,09-Apr-2025 15:08:55,0,4049,1011,17281,21.56,242.35,-64.9,30,241.55,242.2,30,52400,540,2135.9,2196.0,60,268.14999999999986,2185.2,21.96,19,-7,1063,0,09-Apr-2025 15:08:55
BANKNIFTY,50228.2,09-Apr-2025 15:08:55,0,28473,6130,86968,21.57,224.65,-59.54999999999998,60,224.65,225.15,60,52500,30,2260.45,2279.65,30,240.60000000000014,2268.3,22.04,536,-26,4739,0,09-Apr-2025 15:08:55
BANKNIFTY,50228.2,09-Apr-2025 15:08:55,0,3003,377,14457,21.57,208.75,-54.60000000000002,60,207.3,208.3,60,52600,90,2317.05,2379.4,360,305.8499999999999,2406.45,24.05,87,-18,673,0,09-Apr-2025 15:08:55
BANKNIFTY,50228.2,09-Apr-2025 15:08:55,0,3985,451,12164,21.65,192.95,-51.60000000000002,30,192.55,194.3,120,52700,30,2401.75,2458.4,60,320.0,2460.0,23.04,183,-20,754,0,09-Apr-2025 15:08:55
BANKNIFTY,50228.2,09-Apr-2025 15:08:55,0,4265,830,13563,21.63,178.55,-47.54999999999998,30,178.2,179.25,30,52800,360,2475.2,2549.25,30,303.2999999999997,2642.6,26.64,32,-21,651,0,09-Apr-2025 15:08:55
BANKNIFTY,50228.2,09-Apr-2025 15:08:55,0,3372,734,12969,21.7,166.0,-44.599999999999994,90,165.05,166.25,30,52900,240,2554.7,2630.25,120,308.0,2621.0,22.79,6,3,383,0,09-Apr-2025 15:08:55
BANKNIFTY,50228.2,09-Apr-2025 15:08:55,0,56192,9158,128935,21.69,152.95,-40.10000000000002,90,152.55,152.9,120,53000,150,2689.85,2714.25,30,320.2999999999997,2727.95,23.19,963,-178,13870,0,09-Apr-2025 15:08:55
BANKNIFTY,50228.2,09-Apr-2025 15:08:55,0,3047,566,8858,21.76,142.0,-37.75,30,141.35,142.85,120,53100,120,2758.2,2813.75,90,166.25,2916.25,27.68,5,-4,296,0,09-Apr-2025 15:08:55
BANKNIFTY,50228.2,09-Apr-2025 15:08:55,0,4659,685,14503,21.86,131.2,-34.900000000000006,30,131.35,132.55,30,53200,60,2799.1,3000.75,270,0.0,0.0,0.0,0,0,343,0,09-Apr-2025 15:08:55
BANKNIFTY,50228.2,09-Apr-2025 15:08:55,0,2890,900,9596,21.92,122.0,-32.849999999999994,180,121.35,122.3,60,53300,240,2832.85,3109.6,240,0.0,0.0,0.0,0,0,257,0,09-Apr-2025 15:08:55
BANKNIFTY,50228.2,09-Apr-2025 15:08:55,0,3281,1032,8806,21.9,112.25,-31.19999999999999,150,112.3,113.35,30,53400,240,2946.05,3170.0,240,0.0,0.0,0.0,0,0,148,0,09-Apr-2025 15:08:55
BANKNIFTY,50228.2,09-Apr-2025 15:08:55,0,30871,3087,62386,21.93,103.85,-28.30000000000001,90,103.5,103.85,30,53500,420,3115.95,3160.35,60,328.6500000000001,3132.35,22.06,107,-9,2090,0,09-Apr-2025 15:08:55
BANKNIFTY,50228.2,09-Apr-2025 15:08:55,0,4220,854,9853,22.07,96.7,-26.849999999999994,210,96.25,97.4,60,53600,240,3108.45,3391.7,240,0.0,0.0,0.0,0,0,84,0,09-Apr-2025 15:08:55
BANKNIFTY,50228.2,09-Apr-2025 15:08:55,0,4893,690,10657,22.09,89.65,-25.14999999999999,90,89.65,90.2,30,53700,240,3189.1,3479.75,240,0.0,0.0,0.0,0,0,34,0,09-Apr-2025 15:08:55
BANKNIFTY,50228.2,09-Apr-2025 15:08:55,0,3138,935,16364,22.1,83.25,-22.900000000000006,30,82.2,82.65,60,53800,30,3384.5,3447.15,120,-889.1999999999998,3198.0,0.0,1,0,39,0,09-Apr-2025 15:08:55
BANKNIFTY,50228.2,09-Apr-2025 15:08:55,0,5560,1717,13082,22.12,76.05,-22.10000000000001,180,75.6,76.35,180,53900,240,3366.65,3630.75,240,0.0,0.0,0.0,0,0,10,0,09-Apr-2025 15:08:55
BANKNIFTY,50228.2,09-Apr-2025 15:08:55,0,44664,4263,110230,22.23,70.65,-20.599999999999994,240,70.45,70.55,120,54000,210,3595.5,3615.75,30,317.89999999999964,3604.7,22.66,514,-45,5467,0,09-Apr-2025 15:08:55
BANKNIFTY,50228.2,09-Apr-2025 15:08:55,0,1927,-618,7761,22.29,65.35,-20.700000000000003,30,65.15,65.55,60,54100,390,3596.4,3822.55,240,0.0,0.0,0.0,0,0,46,0,09-Apr-2025 15:08:55
BANKNIFTY,50228.2,09-Apr-2025 15:08:55,0,2052,-2417,11805,22.39,60.35,-19.85,30,60.25,60.6,120,54200,270,3669.5,3911.6,240,0.0,0.0,0.0,0,0,13,0,09-Apr-2025 15:08:55
BANKNIFTY,50228.2,09-Apr-2025 15:08:55,0,1737,-711,10997,22.46,56.05,-18.25,30,55.55,56.2,90,54300,240,3783.55,4045.3,240,0.0,0.0,0.0,0,0,53,0,09-Apr-2025 15:08:55
BANKNIFTY,50228.2,09-Apr-2025 15:08:55,0,1953,-663,11504,22.52,51.7,-17.700000000000003,60,51.6,51.95,120,54400,240,3822.1,4145.9,240,0.0,0.0,0.0,0,0,37,0,09-Apr-2025 15:08:55
BANKNIFTY,50228.2,09-Apr-2025 15:08:55,0,32242,5357,62615,22.53,47.3,-15.900000000000006,900,47.3,47.35,60,54500,240,4054.75,4108.7,30,349.9499999999998,4100.5,25.11,76,-12,830,0,09-Apr-2025 15:08:55
BANKNIFTY,50228.2,09-Apr-2025 15:08:55,0,1711,-227,7703,22.7,44.65,-15.399999999999999,180,44.55,44.95,60,54600,240,3974.9,4338.65,240,0.0,0.0,0.0,0,0,1,0,09-Apr-2025 15:08:55
BANKNIFTY,50228.2,09-Apr-2025 15:08:55,0,1225,-24,5531,22.78,41.35,-14.699999999999996,30,41.4,41.75,30,54700,240,4162.1,4433.95,240,0.0,0.0,0.0,0,0,0,0,09-Apr-2025 15:08:55
BANKNIFTY,50228.2,09-Apr-2025 15:08:55,0,1300,150,6604,22.83,38.3,-13.300000000000004,120,38.15,38.95,90,54800,240,4222.0,4568.75,240,0.0,0.0,0.0,0,0,2,0,09-Apr-2025 15:08:55
BANKNIFTY,50228.2,09-Apr-2025 15:08:55,0,1619,265,8063,22.94,35.65,-12.950000000000003,60,35.75,35.95,30,54900,240,4302.5,4643.75,240,0.0,0.0,0.0,0,0,0,0,09-Apr-2025 15:08:55
BANKNIFTY,50228.2,09-Apr-2025 15:08:55,0,43847,2537,96176,23.12,33.35,-11.949999999999996,300,33.2,33.35,390,55000,30,4548.1,4599.95,90,376.0,4605.55,27.92,416,-104,3247,0,09-Apr-2025 15:08:55
BANKNIFTY,50228.2,09-Apr-2025 15:08:55,0,8333,3761,16540,23.03,29.75,-13.149999999999999,480,29.7,30.0,930,55100,240,4527.8,4821.1,240,0.0,0.0,0.0,0,0,0,0,09-Apr-2025 15:08:55
BANKNIFTY,50228.2,09-Apr-2025 15:08:55,0,2956,323,6489,23.25,28.25,-11.75,90,28.5,28.85,30,55200,240,4610.0,4914.2,240,0.0,0.0,0.0,0,0,7,0,09-Apr-2025 15:08:55
BANKNIFTY,50228.2,09-Apr-2025 15:08:55,0,4634,-297,11233,23.3,26.55,-10.249999999999996,270,26.5,26.8,90,55300,240,4686.5,5038.8,240,0.0,0.0,0.0,0,0,0,0,09-Apr-2025 15:08:55
BANKNIFTY,50228.2,09-Apr-2025 15:08:55,0,995,30,3156,23.63,25.35,-10.199999999999996,240,25.35,26.0,330,55400,240,4820.7,5115.15,240,0.0,0.0,0.0,0,0,0,0,09-Apr-2025 15:08:55
BANKNIFTY,50228.2,09-Apr-2025 15:08:55,0,15435,3434,35300,23.65,23.4,-9.600000000000001,330,23.4,23.55,270,55500,30,4980.95,5101.75,30,0.0,0.0,0.0,0,0,187,0,09-Apr-2025 15:08:55
BANKNIFTY,50228.2,09-Apr-2025 15:08:55,0,1151,179,4158,23.89,22.75,-8.350000000000001,120,22.4,23.7,330,55600,240,4978.05,5319.95,240,0.0,0.0,0.0,0,0,0,0,09-Apr-2025 15:08:55
BANKNIFTY,50228.2,09-Apr-2025 15:08:55,0,934,45,2795,24.54,21.6,-7.949999999999999,480,21.3,21.9,240,55700,240,5074.7,5460.0,240,0.0,0.0,0.0,0,0,0,0,09-Apr-2025 15:08:55
BANKNIFTY,50228.2,09-Apr-2025 15:08:55,0,831,14,3289,24.22,20.7,-7.600000000000001,120,20.65,20.95,330,55800,240,5189.3,5674.0,240,0.0,0.0,0.0,0,0,0,0,09-Apr-2025 15:08:55
BANKNIFTY,50228.2,09-Apr-2025 15:08:55,0,935,137,2254,24.46,19.7,-7.300000000000001,90,19.6,20.1,210,55900,240,5211.35,5681.0,240,0.0,0.0,0.0,0,0,0,0,09-Apr-2025 15:08:55
BANKNIFTY,50228.2,09-Apr-2025 15:08:55,0,28129,4499,54811,24.57,18.7,-6.199999999999999,480,18.55,18.75,270,56000,60,5525.35,5550.25,30,352.3000000000002,5558.2,28.03,22,-9,1729,0,09-Apr-2025 15:08:55
BANKNIFTY,50228.2,09-Apr-2025 15:08:55,0,987,117,1857,24.83,17.5,-6.0,60,16.75,18.3,120,56100,240,5484.35,5979.65,240,0.0,0.0,0.0,0,0,0,0,09-Apr-2025 15:08:55
BANKNIFTY,50228.2,09-Apr-2025 15:08:55,0,1132,311,3906,25.03,17.55,-5.5,30,17.4,17.7,210,56200,240,5578.65,6071.85,240,0.0,0.0,0.0,0,0,0,0,09-Apr-2025 15:08:55
BANKNIFTY,50228.2,09-Apr-2025 15:08:55,0,1594,-412,5169,25.31,17.35,-5.0,60,17.1,17.45,180,56300,240,5635.0,6190.45,240,0.0,0.0,0.0,0,0,0,0,09-Apr-2025 15:08:55
BANKNIFTY,50228.2,09-Apr-2025 15:08:55,0,707,128,2182,25.47,16.35,-5.0,180,16.0,16.55,240,56400,240,5728.3,6306.5,240,0.0,0.0,0.0,0,0,0,0,09-Apr-2025 15:08:55
BANKNIFTY,50228.2,09-Apr-2025 15:08:55,0,6165,175,20273,25.66,15.35,-4.799999999999999,60,15.5,15.6,60,56500,30,5958.05,6105.05,30,0.0,0.0,0.0,0,0,20,0,09-Apr-2025 15:08:55
BANKNIFTY,50228.2,09-Apr-2025 15:08:55,0,685,-17,1786,25.91,14.95,-4.850000000000001,90,15.0,15.2,210,56600,240,5958.25,6482.8,240,0.0,0.0,0.0,0,0,0,0,09-Apr-2025 15:08:55
BANKNIFTY,50228.2,09-Apr-2025 15:08:55,0,967,100,4075,26.2,14.7,-3.900000000000002,30,14.7,15.0,300,56700,240,6006.75,6580.75,240,0.0,0.0,0.0,0,0,0,0,09-Apr-2025 15:08:55
BANKNIFTY,50228.2,09-Apr-2025 15:08:55,0,15948,1542,29546,26.71,12.85,-3.2500000000000018,660,12.8,12.85,3450,57000,30,6473.15,6580.0,30,0.0,0.0,0.0,0,0,343,0,09-Apr-2025 15:08:55
BANKNIFTY,50228.2,09-Apr-2025 15:08:55,0,6640,361,16234,27.85,11.5,-1.9000000000000004,270,11.45,11.55,90,57500,60,6928.05,7121.45,30,0.0,0.0,0.0,0,0,83,0,09-Apr-2025 15:08:55
BANKNIFTY,50228.2,09-Apr-2025 15:08:55,0,17133,480,38365,28.98,10.6,-1.0,60,10.6,10.7,390,58000,450,7486.1,7533.5,30,586.5999999999995,7722.15,49.99,3,2,831,0,09-Apr-2025 15:08:55
BANKNIFTY,50228.2,09-Apr-2025 15:08:55,0,8285,1336,14458,30.28,10.1,-0.5999999999999996,1020,10.1,10.25,1110,58500,240,7681.85,8353.95,240,0.0,0.0,0.0,0,0,0,0,09-Apr-2025 15:08:55
BANKNIFTY,50228.2,09-Apr-2025 15:08:55,0,70444,4646,95930,31.53,9.3,-0.8999999999999986,1650,9.3,9.45,1380,59000,90,8492.0,8530.0,30,396.89999999999964,8526.9,33.54,113,-6,1112,0,09-Apr-2025 15:08:55
